International Student Club - General Meeting,Feb 21, 2017 12:00 PM to Feb 21, 2017 01:00 PM,International Student Club - General Meeting
Let's Chat: Open dialogue on recent travel ban,Feb 23, 2017 12:15 PM to Feb 23, 2017 01:00 PM,International Center
International Student Club - BBQ,Feb 25, 2017 12:00 PM to Feb 25, 2017 02:00 PM,International Student Club - BBQ
International Student Club - Knotts Berry Farm,Mar 4, 2017 10:00 AM to Mar 4, 2017 01:00 PM,International Student Club - Knotts Berry Farm
International Student Club - General Meeting,Mar 7, 2017 12:00 PM to Mar 7, 2017 01:00 PM,International Student Club - General Meeting
International Women's Day - Film,Mar 9, 2017 01:00 AM to Mar 9, 2017 03:00 PM,BSC Ursa Major
International Women's Day Symposium,Mar 10, 2017 09:30 AM to Mar 10, 2017 12:00 PM,BSC Ursa Minor
International Student Club - LACMA,Mar 10, 2017 06:00 PM to Mar 10, 2017 08:00 PM,International Student Club - LACMA
Income Tax Workshop,Mar 16, 2017 12:00 PM to Mar 16, 2017 01:00 PM,International Center
Income Tax Workshop,Apr 6, 2017 12:00 PM to Apr 6, 2017 01:00 PM,International Center
EAST WEST PROFESSIONAL TRAINING- RESUME/JOB SEARCH,Apr 7, 2017 11:00 AM to Apr 7, 2017 01:00 PM,International Center
OPT & CPT Workshop,Apr 7, 2017 02:00 PM to Apr 7, 2017 04:00 PM,International Center
OPT & CPT Workshop,May 12, 2017 02:00 PM to May 12, 2017 04:00 PM,International Center
